561	못하다	~ can not do
562	몽골	Mongolia
563	무	radish
564	무겁다	heavy
565	무궁화	rose of sharon
566	무료	free
567	무릎	knee
568	무리	swarm, unreasonable
569	무섭다	scary
570	무슨	what
571	무엇	what
572	무엇이	what
573	무역	trade
574	무용	dance
575	무척	very
576	문	door, gate
577	문구점	stationery store
578	문장	sentence
579	문제	problem
580	문화	culture
581	묻다	ask
582	물	water
583	물건	stuff, thing
584	물론	sure, of course
585	물어보다	ask
586	뭐	what
587	미국	The United States
588	미래	future
589	미리	in advance, beforehand
590	미술	art
591	미술관	art gallery, art museum
592	미안하다	sorry
593	미안합니다	I'm sorry.
594	미용실	beauty salon
595	미터	meter
596	민속촌	folk village
597	밀가루	flour
598	밀리다	be shaved, be pushed
599	밑	bottom, below
600	바꾸다	change
601	바뀌다	be changed
602	바나나	banana
603	바다	sea
604	바닷가	beach
605	바라다	hope
606	바람	wind
607	바로	immediately, soon, just
608	바르다	right, paint, wear
609	바쁘다	busy
610	바이올린	violin
611	바지	pants
612	박물관	museum
613	박수	clap, applause
614	밖	out, outside
615	반	half, group
616	반갑다	nice to meet, happy
617	반갑습니다	Nice to meet you.
618	반년	half a year
619	반달	half-moon
620	반바지	shorts
621	반지	ring
622	반찬	side dish
623	받다	receive
624	발	foot, leg
625	발가락	toe(s)
626	발음	pronunciation
627	발전	development
628	발표	announcement, presentation
629	밝다	bright
630	밤	night
631	밥	rice, meal
632	방	room
633	방법	way, method
634	방송	broadcast
635	방송국	broadcast stations
636	방학	vacation
637	배	ship, stomach, pear
638	배고프다	hungry
639	배구	volleyball
640	배달	delivery
641	배부르다	be full (I am full.)
642	배우	actor
643	배우다	learn
644	배탈	stomachache
645	백	100
646	백화점	department store
647	버리다	abandon, throw away
648	버스	bus
649	번	~ time(s)
650	번호	number
651	벌다	earn, make money
652	벌써	already
653	벗다	take off (clothes, shoes)
654	벚꽃	cherry blossom
655	베이징	Beijing
656	베트남	Vietnam
657	벽	wall
658	변호사	lawyer
659	별	star
660	별로	not really
661	병	illness, ~ bottle(s)
662	병원	hospital
663	보내다	send, spend
664	보다	see
665	보도	sidewalk, report
666	보이다	show, look
667	보통	usually, normally, in general
668	복숭아	peach
669	복잡하다	complicated, crowded
670	볶다	fry
671	볶음밥	fried rice
672	볼펜	ballpoint pen
673	봄	spring
674	봉지	bag
675	봉투	envelope
676	뵙다	meet
677	부동산	real estate
678	부드럽다	soft, friendly
679	부르다	call, sing
680	부모	parents
681	부부	couple, husband and wife, married couple
682	부산	Busan
683	부업	sideline
684	부엌	kitchen
685	부인	wife, Mrs.
686	부장	director
687	부지런하다	diligent
688	부치다	send, fry, transmit
689	부탁	request, please
690	부탁하다	beg, ask
691	북쪽	North
692	분	~ person(s), ~ minute(s)
693	분위기	#N/A
694	불	fire, electrical light
695	불고기	Bulgogi, grilled meat
696	불다	blow (wind or whistle, musical instruments, etc.)
697	불편하다	uncomfortable, inconvenient
698	붓다	pour
699	붙다	stick, pass a test
700	붙이다	attach, stick
701	브라질	Brazil
702	블라우스	blouse
703	비	rain
704	비누	soap
705	비디오	video
706	비밀	secret
707	비빔밥	Bibimbap, mixed rice
708	비슷하다	similar, like
709	비싸다	expensive
710	비행기	airplane
711	비행장	airfield, airport
712	빌딩	building
713	빌리다	borrow, lend
714	빠르다	fast
715	빨간색	red color
716	빨갛다	red
717	빨다	suck, do laundry
718	빨래	laundry, wash
719	빨리	quickly
720	빵	bread
721	빵집	bakery
722	빼다	remove, pull, pull out
723	뿐	only
724	사	4
725	사거리	intersection, four corners
726	사계절	four seasons
727	사고	accident
728	사과	apple
729	사다	buy
730	사람	person, man
731	사랑	love
732	사랑하다	love
733	사례	case, example
734	사무실	office
735	사물	object, thing
736	사십	40
737	사업가	entrepreneur, businessman
738	사용하다	use
739	사원	temple, employee
740	사월	April
741	사이	between, while
742	사이다	cider
743	사이즈	size
744	사인하다	sign
745	사장	CEO, the president
746	사전	dictionary
747	사진	picture, photo
748	사진기	camera
749	사촌	cousin
750	사탕	candy
751	사흘	3 days
752	산	mountain
753	산책	walk
754	살	flesh, ~ year(s) old
755	살다	live
756	삼	3
757	삼거리	intersection, three-way intersection
758	삼계탕	Samgyetang
759	삼십	30
760	삼월	March
761	삼촌	paternal uncle
762	상관	relation
763	상자	box
764	상처	wound, scratch
765	상품	product
766	새	bird, new
767	새로	newly
768	새벽	dawn, late at night, early morning
769	새우	shrimp
770	색	color
771	색깔	color
772	샌드위치	sandwich
773	생각	thinking, thought
774	생각되다	be considered, it seems~
775	생각하다	think
776	생기다	form, arise
777	생선	fish
778	생신	birthday (honorific form)
779	생일	birthday
780	생활	life
781	샤워하다	take a shower
782	샴푸	shampoo
783	서다	stand
784	서로	each other, both
785	서류	document
786	서른	30
787	서비스	service
788	서양	western, west
789	서울	Seoul
790	서울역	Seoul station
791	서점	bookstore
792	서쪽	west, western
793	선물	gift, present
794	선배	elder, senior
795	선생님	teacher
796	선수	player
797	선택하다	choose, select
798	선풍기	fan
799	설거지	washing dishes, dish-washing
800	설날	Lunar New Year
801	설렁탕	Seolleongtang
802	설명	explanation, description
803	설명하다	explain
804	설악산	Mt. Seorak
805	설탕	sugar
806	섬	island
807	성	castle, last name
808	성격	personality
809	성함	name
810	세계	world
811	세수하다	wash
812	세우다	set up, formulate
813	세일하다	have a sale
814	세탁기	washing machine
815	세탁소	dry cleaners, laundromat
816	센터	center
817	센티미터	centimeter
818	셋	3
819	셋째	third
820	소	small, cow
821	소개	introduction
822	소개하다	introduce
823	소고기	beef
824	소금	salt
825	소리	sound, voice
826	소설	novel
827	소설가	novelist
828	소식	news
829	소파	sofa
830	소포	parcel
831	소풍	picnic, trip
832	소화제	peptic, digestive
833	속	inside
834	손	hand
835	손가락	finger
836	손님	customer
837	손수건	handkerchief
838	송이	bunch, flower, cluster
839	쇼핑	shopping
840	수건	towel, washcloth
841	수도	capital, water supply
842	수돗물	tap water
843	수박	watermelon
844	수술하다	operate on for
845	수업	class, lesson
846	수영	swimming
847	수영복	swimsuit
848	수영장	swimming pool
849	수요일	Wednesday
850	수저	chopsticks and a spoon
851	수첩	note, notebook
852	수학	mathematics
853	숙제	homework
854	순서	order, turn
855	숟가락	spoon
856	술	alcohol, liquor
857	쉬다	rest
858	쉰	50
859	쉽다	easy
860	슈퍼마켓	supermarket
861	스물	20
862	스웨터	sweater
863	스케이트	skate
864	스키	ski, skiing
865	스키장	ski resort
866	스타	star
867	스타킹	stockings
868	스트레스	stress
869	스페인어	Spanish
870	스포츠	sport
871	슬퍼하다	sorrow, mourn
872	슬프다	sad
873	습관	habit
874	시	city, time
875	시간	time
876	시간표	schedule, timetable
877	시계	clock
878	시골	countryside
879	시끄럽다	noisy
880	시내	downtown, city, stream
881	시다	sour
882	시디	CD
883	시민	citizen
884	시설	facility
885	시외	suburbs
886	시원하다	cool, refresh
887	시월	October
888	시작	start
889	시작되다	begin
890	시작하다	start, begin
891	시장	market
892	시청	city hall
893	시키다	make someone do, order
894	시험	exam, test
895	식당	restaurant, cafeteria
896	식사	meal
897	식탁	table
898	신	god, new
899	신다	put on, wear
900	신문	newspaper
901	신발	shoes, footwear
902	신청서	application forms
903	신청하다	put in for, apply for
904	실례	excuse
905	실례하다	be excused
906	실수	mistake, failure
907	싫다	hate
908	싫어하다	dislike, hate
909	심하다	severe, terrible
910	십	10
911	십이월	December
912	십일월	November
913	싱겁다	not salty
914	싶다	want
915	싸다	cheap, wrap
916	싸우다	fight
917	쌀	rice
918	쌀밥	cooked rice
919	쌓이다	stack up, pile up
920	썰다	chop, cut
921	쓰기	writing, dictation
922	쓰다	write, use, wear (glasses)
923	쓰레기	garbage
924	쓰이다	be written, be used
925	씨	seed, Mr. ~
926	씩	each, every, per
927	씹다	chew, bite
928	씻다	wash
929	아가씨	Miss, daughter
930	아기	baby, toddler
931	아까	earlier, while ago
932	아내	wife
933	아뇨	no
934	아니다	no
935	아니오	no
936	아니요	no
937	아들	son
938	아랍어	Arabic
939	아래	bottom, under
940	아름답다	beautiful
941	아마	maybe, perhaps
942	아무	any
943	아버님	father
944	아버지	father
945	아빠	dad
946	아시아	Asia
947	아이	child
948	아이스크림	ice cream
949	아저씨	uncle, mister
950	아주	very, completely
951	아주머니	old lady, madame, aunt
952	아줌마	old lady, madame, aunt
953	아직	yet, still
954	아침	morning, breakfast
955	아침밥	breakfast
956	아침식사	breakfast
957	아파트	apartment, mansion
958	아프다	painful, sick
959	아프리카	Africa
960	아홉	9
961	아흔	90
962	악기	musical instrument
963	안	within, not ~
964	안경	glasses
965	안내하다	guide, invite
966	안녕하세요	hi, hello
967	안녕하십니까	hello
968	안다	embrace, cradle
969	안전하다	safe
970	앉다	sit
971	알다	know
972	알리다	inform
973	알맞다	fit, appropriate
974	알았습니다	I understood.
975	앞	front, previous
976	애	child
977	액세서리	accessory
978	야구	baseball
979	야채	vegetable
980	약	about, medicine
981	약간	slightly, a little
982	약국	pharmacy
983	약사	pharmacist
984	약속	appointment, promise
985	얇다	thin
986	양	amount, sheep
987	양말	socks
988	양복	suit
989	양식	form, western style
990	양파	onion
991	얘기하다	talk
992	어깨	shoulder
993	어느	which, how
994	어둡다	dark
995	어디	where
996	어떤	which, what
997	어떻게	how
998	어떻다	how
999	어떻습니까?	How is it?
1000	어렵다	difficult
1001	어른	adult
1002	어리다	young
1003	어린이	child
1004	어머	oh, well
1005	어머니	mother
1006	어머님	mother
1007	어서	hurry, quickly
1008	어울리다	look good on, befit
1009	어저께	yesterday
1010	어제	yesterday
1011	어젯밤	last night
1012	언니	sister (as seen from the younger sister)
1013	언제	when
1014	언제나	always, anytime
1015	얼굴	face
1016	얼마나	how much
1017	얼음	ice
1018	엄마	mom
1019	없다	none, no, not
1020	없이	without
1021	에어컨	air conditioner
1022	엔	yen
1023	엘리베이터	elevator
1024	여권	passport
1025	여기	here
1026	여기저기	here and there
1027	여덟	8
1028	여동생	younger sister
1029	여든	80
1030	여러	various, many
1031	여러가지	several, various
1032	여러분	everyone, ladies and gentlemen
1033	여름	summer
1034	여보세요	hello
1035	여섯	6
1036	여자	woman
1037	여학생	female student
1038	여행	travel
1039	여행사	travel agency, travel firm
1040	역	station
1041	역사	history
1042	연락처	contact information
1043	연세	age (honorific form)
1044	연습	practice
1045	연습하다	practice
1046	연예인	celebrity
1047	연필	pencil
1048	연휴	consecutive holidays
1049	열	10
1050	열다	open
1051	열리다	be opened
1052	열쇠	key
1053	열심히	hard, enthusiastic
1054	열차	train
1055	엽서	postcard
1056	영	spirit, zero
1057	영국	The United Kingdom
1058	영상	video
1059	영어	English
1060	영어회화	English conversation
1061	영하	minus, below zero
1062	영화	movie
1063	영화관	movie theater
1064	영화배우	movie star
1065	영화표	movie ticket
1066	옆	side
1067	예	yes
1068	예문	example, model sentence
1069	예쁘다	pretty, beautiful
1070	예순	60
1071	예약	reservation
1072	옛날	a long ago, olden days
1073	오	5
1074	오늘	today
1075	오다	come
1076	오래	long, much
1077	오래간만	after a long time
1078	오래간만입니다	Long time no see.
1079	오랜만	after a long time
1080	오랜만에	after a long time
1081	오랫동안	for a long time
1082	오렌지	orange
1083	오르다	climb
1084	오른쪽	right side, right
1085	오리	duck
1086	오빠	brother (as seen from the younger sister)
1087	오십	50
1088	오월	May
1089	오이	cucumber
1090	오전	morning, a.m.
1091	오징어	squid
1092	오후	afternoon
1093	올라가다	go up
1094	올라오다	come up
1095	올려놓다	put on, place
1096	올림픽	olympic
1097	올해	this year
1098	옮기다	move, transfer, translate
1099	옷	dress, clothes
1100	옷가게	clothing store
1101	옷장	closet
1102	와이셔츠	shirt
1103	왜	why
1104	왜냐하면	because
1105	외국	foreign country
1106	외국어	foreign language
1107	외국인	foreigner
1108	외롭다	lonely
1109	외삼촌	maternal uncle
1110	외숙모	maternal aunt
1111	외출하다	go out
1112	외할머니	maternal grandmother
1113	외할아버지	maternal grandfather
1114	왼쪽	left
1115	요금	fee
1116	요르단	Jordan
1117	요리	cooking, cuisine
1118	요일	day of the week
1119	요즘	nowadays, around this time, lately
1120	우리	we, us
